nbrdesc,num_easy,num_moderate,num_hard,num_not_suitable,num_has_tree,num_empty_spaces,perc_easy,perc_moderate,perc_hard,perc_not_suitable,stump_count,dead_count,total_at_moderate_diff,stump_perc_of_moderate_diff,dead_perc_of_moderate_diff,tracked_spaces,live_trees,empty_spaces,poor_perc,fair_perc,good_perc,poor_count,fair_count,good_count,combined_ht,avg_ht,combined_diam,avg_diam,perc_trees_to_spaces,absent_count,unknown_count
abell,5,25,27,32,430,89,5.62,28.09,30.34,35.96,22,3,25,88,12,519,430,89,2.79,60.47,36.74,12,260,158,10519,24.46,4195.4,9.76,82.85,64,NA
allendale,285,39,23,11,231,359,79.39,10.86,6.41,3.06,24,15,39,61.54,38.46,590,231,359,9.52,37.23,53.25,22,86,123,7841,33.94,3889.3,16.84,39.15,319,1
arcadia,65,15,14,10,394,104,62.5,14.42,13.46,9.62,10,5,15,66.67,33.33,498,394,104,4.31,18.27,77.41,17,72,305,9618,24.41,3919.7,9.95,79.12,89,NA
arlington,218,18,95,22,147,353,61.76,5.1,26.91,6.23,15,3,18,83.33,16.67,500,147,353,36.73,48.3,14.97,54,71,22,4036,27.46,1983.3,13.49,29.4,335,NA
armistead gardens,88,18,9,NA,59,115,76.52,15.65,7.83,NA,17,1,18,94.44,5.56,174,59,115,6.78,40.68,52.54,4,24,31,1440,24.41,642.6,10.89,33.91,97,NA
ashburton,648,75,20,1,881,744,87.1,10.08,2.69,0.13,54,21,75,72,28,1625,881,744,11.24,22.47,66.29,99,198,584,34960,39.68,16313.9,18.52,54.22,669,NA
baltimore highlands,9,20,140,17,411,186,4.84,10.75,75.27,9.14,12,8,20,60,40,597,411,186,5.6,19.22,75.18,23,79,309,5878,14.3,1934.3,4.71,68.84,166,NA
barclay,6,38,101,36,699,181,3.31,20.99,55.8,19.89,22,16,38,57.89,42.11,880,699,181,8.15,27.61,64.23,57,193,449,16164,23.12,5852.5,8.37,79.43,143,NA
barre circle,NA,12,2,2,240,16,NA,75,12.5,12.5,9,3,12,75,25,256,240,16,1.25,10,88.75,3,24,213,6348,26.45,2612.9,10.89,93.75,4,NA
bayview,83,22,110,6,213,221,37.56,9.95,49.77,2.71,22,NA,22,100,NA,434,213,221,6.57,45.07,48.36,14,96,103,4444,20.86,1872.5,8.79,49.08,199,NA
beechfield,140,16,NA,NA,128,156,89.74,10.26,NA,NA,11,5,16,68.75,31.25,284,128,156,8.59,31.25,60.16,11,40,77,4350,33.98,2155.6,16.84,45.07,140,NA
belair-edison,1364,151,283,59,1295,1857,73.45,8.13,15.24,3.18,128,23,151,84.77,15.23,3152,1295,1857,11.04,23.78,65.17,143,308,844,34371,26.54,15337.6,11.84,41.09,1706,NA
belair-parkside,NA,2,6,1,8,9,NA,22.22,66.67,11.11,1,1,2,50,50,17,8,9,50,25,25,4,2,2,235,29.38,121.1,15.14,47.06,7,NA
bellona-gittings,52,6,NA,1,175,59,88.14,10.17,NA,1.69,4,2,6,66.67,33.33,234,175,59,5.14,26.86,68,9,47,119,4864,27.79,2395.1,13.69,74.79,53,NA
belvedere,69,12,6,5,137,92,75,13.04,6.52,5.43,12,NA,12,100,NA,229,137,92,3.65,20.44,75.91,5,28,104,3938,28.74,2172.9,15.86,59.83,80,NA
berea,186,39,43,46,623,314,59.24,12.42,13.69,14.65,20,19,39,51.28,48.72,937,623,314,3.53,18.94,77.53,22,118,483,9779,15.7,3085.5,4.95,66.49,275,NA
better waverly,161,35,195,24,549,415,38.8,8.43,46.99,5.78,13,22,35,37.14,62.86,964,549,415,16.21,32.6,51.18,89,179,281,12566,22.89,6359.53,11.58,56.95,380,NA
beverly hills,56,23,3,NA,407,82,68.29,28.05,3.66,NA,18,5,23,78.26,21.74,489,407,82,3.93,13.27,82.8,16,54,337,9724,23.89,4199.4,10.32,83.23,59,NA
biddle street,8,10,66,12,272,96,8.33,10.42,68.75,12.5,6,4,10,60,40,368,272,96,3.31,22.06,74.63,9,60,203,5810,21.36,2129.7,7.83,73.91,86,NA
blythewood,NA,2,NA,NA,20,2,NA,100,NA,NA,2,NA,2,100,NA,22,20,2,NA,20,80,NA,4,16,616,30.8,260.8,13.04,90.91,NA,NA
bolton hill,10,30,27,3,1478,70,14.29,42.86,38.57,4.29,13,17,30,43.33,56.67,1548,1478,70,4.13,15.9,79.97,61,235,1182,39382,26.65,15344.7,10.38,95.48,40,NA
boyd-booth,2,4,83,24,112,113,1.77,3.54,73.45,21.24,1,3,4,25,75,225,112,113,9.82,26.79,63.39,11,30,71,2944,26.29,814.7,7.27,49.78,109,NA
brewers hill,13,16,137,13,393,179,7.26,8.94,76.54,7.26,7,9,16,43.75,56.25,572,393,179,2.29,23.66,74.05,9,93,291,7875,20.04,2470.4,6.29,68.71,163,NA
bridgeview/greenlawn,149,12,68,13,180,242,61.57,4.96,28.1,5.37,12,NA,12,100,NA,422,180,242,6.67,30.56,62.78,12,55,113,4134,22.97,2117,11.76,42.65,230,NA
broadway east,6,35,984,115,386,1140,0.53,3.07,86.32,10.09,21,14,35,60,40,1526,386,1140,14.77,31.61,53.63,57,122,207,8481,21.97,3682,9.54,25.29,1105,NA
broening manor,84,5,48,1,102,138,60.87,3.62,34.78,0.72,5,NA,5,100,NA,240,102,138,3.92,33.33,62.75,4,34,64,2228,21.84,830.2,8.14,42.5,133,NA
brooklyn,807,168,140,12,1979,1127,71.61,14.91,12.42,1.06,103,65,168,61.31,38.69,3106,1979,1127,11.02,25.01,63.97,218,495,1266,44561,22.52,21295.49,10.76,63.72,959,NA
burleith-leighton,98,15,3,NA,86,116,84.48,12.93,2.59,NA,13,2,15,86.67,13.33,202,86,116,13.95,38.37,47.67,12,33,41,2714,31.56,1290.8,15.01,42.57,101,NA
butcher's hill,4,18,19,1,586,42,9.52,42.86,45.24,2.38,10,8,18,55.56,44.44,628,586,42,3.75,20.48,75.77,22,120,444,14806,25.27,4905.3,8.37,93.31,24,NA
callaway-garrison,456,31,22,3,240,512,89.06,6.05,4.3,0.59,22,9,31,70.97,29.03,752,240,512,25.83,25,49.17,62,60,118,7834,32.64,4383,18.26,31.91,481,NA
cameron village,221,14,7,1,92,243,90.95,5.76,2.88,0.41,12,2,14,85.71,14.29,335,92,243,9.78,25,65.22,9,23,60,3488,37.91,2021.8,21.98,27.46,229,NA
canton,84,176,941,122,2809,1323,6.35,13.3,71.13,9.22,129,47,176,73.3,26.7,4132,2809,1323,6.84,31.47,61.69,192,884,1733,61556,21.91,23554.5,8.39,67.98,1147,NA
canton industrial area,137,6,70,11,222,224,61.16,2.68,31.25,4.91,2,4,6,33.33,66.67,446,222,224,6.31,31.98,61.71,14,71,137,3578,16.12,1141.7,5.14,49.78,218,NA
care,7,19,84,36,398,146,4.79,13.01,57.53,24.66,11,8,19,57.89,42.11,544,398,146,7.54,31.91,60.55,30,127,241,7162,17.99,2197.17,5.52,73.16,127,NA
carroll - camden industrial area,62,32,137,33,699,264,23.48,12.12,51.89,12.5,18,14,32,56.25,43.75,963,699,264,3,18.17,78.83,21,127,551,15437,22.08,4908.23,7.02,72.59,232,NA
carroll park,52,43,22,2,862,119,43.7,36.13,18.49,1.68,15,28,43,34.88,65.12,981,862,119,5.34,14.62,80.05,46,126,690,24552,28.48,12494.7,14.5,87.87,76,NA
carroll-south hilton,162,25,85,NA,380,272,59.56,9.19,31.25,NA,7,18,25,28,72,652,380,272,1.58,18.68,79.74,6,71,303,7562,19.9,2625.8,6.91,58.28,247,NA
carrollton ridge,49,35,423,90,491,597,8.21,5.86,70.85,15.08,23,12,35,65.71,34.29,1088,491,597,5.09,25.05,69.86,25,123,343,9165,18.67,2623.6,5.34,45.13,562,NA
cedarcroft,50,7,1,NA,340,58,86.21,12.07,1.72,NA,5,2,7,71.43,28.57,398,340,58,8.82,25,66.18,30,85,225,12079,35.53,6121.1,18,85.43,51,NA
cedmont,223,26,30,7,223,286,77.97,9.09,10.49,2.45,20,6,26,76.92,23.08,509,223,286,14.35,35.43,50.22,32,79,112,6877,30.84,3823.6,17.15,43.81,260,NA
cedonia,78,9,NA,NA,332,87,89.66,10.34,NA,NA,5,4,9,55.56,44.44,419,332,87,4.82,25,70.18,16,83,233,8386,25.26,2897.9,8.73,79.24,78,NA
central forest park,422,10,8,24,90,464,90.95,2.16,1.72,5.17,9,1,10,90,10,554,90,464,16.67,26.67,56.67,15,24,51,3644,40.49,1685.7,18.73,16.25,454,NA
central park heights,703,70,378,33,639,1184,59.38,5.91,31.93,2.79,42,28,70,60,40,1823,639,1184,23.32,38.03,38.65,149,243,247,17098,26.76,8282.8,12.96,35.05,1114,NA
charles north,NA,33,93,19,346,145,NA,22.76,64.14,13.1,13,20,33,39.39,60.61,491,346,145,10.98,23.12,65.9,38,80,228,7154,20.68,2526.8,7.3,70.47,112,NA
charles village,28,58,78,35,1406,200,14,29,39,17.5,33,25,58,56.9,43.1,1606,1406,200,4.98,39.76,55.26,70,559,777,32644,23.22,11001.9,7.82,87.55,141,1
cherry hill,375,29,14,15,416,433,86.61,6.7,3.23,3.46,15,14,29,51.72,48.28,849,416,433,7.21,28.37,64.42,30,118,268,10636,25.57,5064.4,12.17,49,404,NA
cheswolde,261,47,NA,1,688,309,84.47,15.21,NA,0.32,34,13,47,72.34,27.66,997,688,309,13.66,33.43,52.91,94,230,364,31254,45.43,12079.3,17.56,69.01,262,NA
chinquapin park,178,12,2,2,170,194,91.75,6.19,1.03,1.03,10,2,12,83.33,16.67,364,170,194,3.53,32.94,63.53,6,56,108,4785,28.15,2558.1,15.05,46.7,182,NA
clifton park,26,175,NA,3,1600,204,12.75,85.78,NA,1.47,131,44,175,74.86,25.14,1804,1600,204,4.88,34.62,60.5,78,554,968,38085,23.8,16236.8,10.15,88.69,29,NA
coldspring,78,45,NA,NA,997,123,63.41,36.59,NA,NA,26,19,45,57.78,42.22,1120,997,123,5.52,18.56,75.93,55,185,757,27178,27.26,12336.8,12.37,89.02,78,NA
coldstream homestead montebello,701,69,446,44,830,1260,55.63,5.48,35.4,3.49,46,23,69,66.67,33.33,2090,830,1260,13.98,45.3,40.72,116,376,338,19197,23.13,10562.33,12.73,39.71,1191,NA
concerned citizens of forest park,207,12,31,11,72,261,79.31,4.6,11.88,4.21,7,5,12,58.33,41.67,333,72,261,15.28,38.89,45.83,11,28,33,2556,35.5,1407.9,19.55,21.62,249,NA
coppin heights/ash-co-east,112,31,122,40,415,305,36.72,10.16,40,13.11,21,10,31,67.74,32.26,720,415,305,7.47,24.58,67.95,31,102,282,9516,22.93,4134.1,9.96,57.64,274,NA
cross country,419,57,5,2,578,483,86.75,11.8,1.04,0.41,50,7,57,87.72,12.28,1061,578,483,19.38,38.58,42.04,112,223,243,24803,42.91,10976.6,18.99,54.48,426,NA
cross keys,2,5,NA,NA,122,7,28.57,71.43,NA,NA,2,3,5,40,60,129,122,7,9.84,37.7,52.46,12,46,64,2442,20.02,1355.7,11.11,94.57,2,NA
curtis bay,198,28,188,8,378,422,46.92,6.64,44.55,1.9,22,6,28,78.57,21.43,800,378,422,9.79,30.95,59.26,37,117,224,10249,27.11,4971.4,13.15,47.25,394,NA
curtis bay industrial area,NA,1,55,NA,1,56,NA,1.79,98.21,NA,1,NA,1,100,NA,57,1,56,NA,100,NA,NA,1,NA,40,40,29.7,29.7,1.75,55,NA
cylburn,464,15,14,NA,195,493,94.12,3.04,2.84,NA,11,4,15,73.33,26.67,688,195,493,13.85,33.33,52.82,27,65,103,6980,35.79,3228,16.55,28.34,478,NA
darley park,19,10,47,16,129,92,20.65,10.87,51.09,17.39,9,1,10,90,10,221,129,92,4.65,37.98,57.36,6,49,74,2975,23.06,1216.3,9.43,58.37,82,NA
dickeyville,NA,9,NA,NA,31,9,NA,100,NA,NA,3,6,9,33.33,66.67,40,31,9,6.45,35.48,58.06,2,11,18,995,32.1,427.3,13.78,77.5,NA,NA
dolfield,348,17,46,NA,182,411,84.67,4.14,11.19,NA,16,1,17,94.12,5.88,593,182,411,25.27,31.87,42.86,46,58,78,6481,35.61,3153.9,17.33,30.69,394,NA
dorchester,402,20,3,1,140,426,94.37,4.69,0.7,0.23,18,2,20,90,10,566,140,426,27.14,43.57,29.29,38,61,41,6019,42.99,2877.95,20.56,24.73,406,NA
downtown,30,96,789,60,936,975,3.08,9.85,80.92,6.15,40,56,96,41.67,58.33,1911,936,975,8.01,17.09,74.89,75,160,701,20732,22.15,6378.6,6.81,48.98,879,NA
downtown west,1,9,197,8,123,215,0.47,4.19,91.63,3.72,1,8,9,11.11,88.89,338,123,215,15.45,21.95,62.6,19,27,77,2597,21.11,791.3,6.43,36.39,206,NA
druid heights,3,30,125,41,429,199,1.51,15.08,62.81,20.6,18,12,30,60,40,628,429,199,15.62,69.93,14.45,67,300,62,8655,20.17,3522.4,8.21,68.31,169,NA
druid hill park,14,265,NA,2,3374,281,4.98,94.31,NA,0.71,137,128,265,51.7,48.3,3655,3374,281,6.49,23.06,70.45,219,778,2377,116966,34.67,59145.425,17.53,92.31,16,NA
dunbar-broadway,39,28,101,10,536,178,21.91,15.73,56.74,5.62,8,20,28,28.57,71.43,714,536,178,4.85,23.51,71.64,26,126,384,9914,18.5,3803.69,7.1,75.07,150,NA
east arlington,152,22,NA,4,154,178,85.39,12.36,NA,2.25,21,1,22,95.45,4.55,332,154,178,11.04,24.68,64.29,17,38,99,6690,43.44,3481.2,22.61,46.39,156,NA
east baltimore midway,200,44,339,65,566,648,30.86,6.79,52.31,10.03,36,8,44,81.82,18.18,1214,566,648,9.19,34.28,56.54,52,194,320,11719,20.7,4747.4,8.39,46.62,604,NA
easterwood,88,12,140,13,182,253,34.78,4.74,55.34,5.14,7,5,12,58.33,41.67,435,182,253,14.29,21.98,63.74,26,40,116,3226,17.73,1522,8.36,41.84,241,NA
eastwood,93,4,NA,NA,19,97,95.88,4.12,NA,NA,4,NA,4,100,NA,116,19,97,42.11,36.84,21.05,8,7,4,286,15.05,121.7,6.41,16.38,93,NA
edgewood,89,30,29,10,190,158,56.33,18.99,18.35,6.33,28,2,30,93.33,6.67,348,190,158,10,38.42,51.58,19,73,98,6007,31.62,3118.5,16.41,54.6,128,NA
edmondson village,109,18,5,15,281,147,74.15,12.24,3.4,10.2,15,3,18,83.33,16.67,428,281,147,3.91,33.1,62.99,11,93,177,8051,28.65,4028.9,14.34,65.65,129,NA
ednor gardens-lakeside,513,67,7,NA,1069,587,87.39,11.41,1.19,NA,46,21,67,68.66,31.34,1656,1069,587,5.99,25.82,68.19,64,276,729,27865,26.07,12344.2,11.55,64.55,520,NA
ellwood park/monument,26,50,106,25,860,207,12.56,24.15,51.21,12.08,32,18,50,64,36,1067,860,207,5,19.42,75.58,43,167,650,13712,15.94,4387.55,5.1,80.6,157,NA
evergreen,8,25,1,NA,285,34,23.53,73.53,2.94,NA,20,5,25,80,20,319,285,34,2.81,11.58,85.61,8,33,244,8960,31.44,3604.6,12.65,89.34,9,NA
evergreen lawn,54,12,65,16,118,147,36.73,8.16,44.22,10.88,10,2,12,83.33,16.67,265,118,147,5.93,28.81,65.25,7,34,77,3235,27.42,1639.5,13.89,44.53,135,NA
evesham park,8,16,NA,NA,272,24,33.33,66.67,NA,NA,11,5,16,68.75,31.25,296,272,24,13.24,26.84,59.93,36,73,163,9571,35.19,4246.7,15.61,91.89,8,NA
fairfield area,78,13,17,NA,228,108,72.22,12.04,15.74,NA,9,4,13,69.23,30.77,336,228,108,16.23,35.53,48.25,37,81,110,6192,27.16,3098,13.59,67.86,95,NA
fairmont,130,30,31,NA,163,191,68.06,15.71,16.23,NA,8,22,30,26.67,73.33,354,163,191,23.93,27.61,48.47,39,45,79,6743,41.37,3969.1,24.35,46.05,161,NA
fallstaff,243,10,46,NA,260,299,81.27,3.34,15.38,NA,7,3,10,70,30,559,260,299,14.62,27.69,57.69,38,72,150,8952,34.43,4174.6,16.06,46.51,289,NA
federal hill,1,53,190,19,768,263,0.38,20.15,72.24,7.22,35,18,53,66.04,33.96,1031,768,263,4.3,20.7,75,33,159,576,18755,24.42,7324.9,9.54,74.49,210,NA
fells point,17,55,316,56,953,444,3.83,12.39,71.17,12.61,34,21,55,61.82,38.18,1397,953,444,5.14,19.2,75.66,49,183,721,19985,20.97,7643.6,8.02,68.22,389,NA
forest park,430,23,26,9,173,488,88.11,4.71,5.33,1.84,12,11,23,52.17,47.83,661,173,488,19.65,57.23,23.12,34,99,40,5551,32.09,3216.5,18.59,26.17,465,NA
forest park golf course,169,30,1,1,204,201,84.08,14.93,0.5,0.5,15,15,30,50,50,405,204,201,9.8,27.45,62.75,20,56,128,8150,39.95,3800.7,18.63,50.37,171,NA
four by four,38,2,28,1,21,69,55.07,2.9,40.58,1.45,2,NA,2,100,NA,90,21,69,23.81,19.05,57.14,5,4,12,710,33.81,337.3,16.06,23.33,67,NA
frankford,958,84,117,23,1461,1183,80.98,7.1,9.89,1.94,36,48,84,42.86,57.14,2644,1461,1183,8.83,34.09,57.08,129,498,834,37321,25.54,14325.95,9.81,55.26,1098,1
franklin square,10,42,318,84,640,454,2.2,9.25,70.04,18.5,28,14,42,66.67,33.33,1094,640,454,8.44,32.34,59.22,54,207,379,16261,25.41,6304.3,9.85,58.5,412,NA
franklintown,NA,47,NA,NA,969,47,NA,100,NA,NA,33,14,47,70.21,29.79,1016,969,47,5.57,19.2,75.23,54,186,729,34128,35.22,15448.2,15.94,95.37,NA,NA
franklintown road,118,24,28,3,145,173,68.21,13.87,16.18,1.73,13,11,24,54.17,45.83,318,145,173,9.66,38.62,51.72,14,56,75,5090,35.1,2515.2,17.35,45.6,149,NA
garwyn oaks,192,29,12,NA,186,233,82.4,12.45,5.15,NA,20,9,29,68.97,31.03,419,186,233,5.91,45.16,48.92,11,84,91,5851,31.46,3088.2,16.6,44.39,204,NA
gay street,16,35,150,79,328,280,5.71,12.5,53.57,28.21,20,15,35,57.14,42.86,608,328,280,13.11,46.95,39.94,43,154,131,7324,22.33,3793.3,11.56,53.95,245,NA
glen,652,39,36,5,662,732,89.07,5.33,4.92,0.68,29,10,39,74.36,25.64,1394,662,732,17.98,30.82,51.21,119,204,339,27132,40.98,12773.5,19.3,47.49,693,NA
glen oaks,277,56,4,NA,741,337,82.2,16.62,1.19,NA,41,15,56,73.21,26.79,1078,741,337,6.61,23.21,70.18,49,172,520,21973,29.65,11116.9,15,68.74,281,NA
glenham-belhar,544,32,71,9,393,656,82.93,4.88,10.82,1.37,24,8,32,75,25,1049,393,656,10.18,53.44,36.39,40,210,143,12867,32.74,6450.5,16.41,37.46,624,NA
graceland park,295,34,40,NA,362,369,79.95,9.21,10.84,NA,17,17,34,50,50,731,362,369,9.67,33.7,56.63,35,122,205,7541,20.83,2923.9,8.08,49.52,335,NA
greektown,70,31,162,9,567,272,25.74,11.4,59.56,3.31,18,13,31,58.06,41.94,839,567,272,3.35,21.52,75.13,19,122,426,9735,17.17,3115.2,5.49,67.58,241,NA
greenmount cemetery,3,4,3,NA,49,10,30,40,30,NA,NA,4,4,NA,100,59,49,10,10.2,12.24,77.55,5,6,38,708,14.45,193.5,3.95,83.05,6,NA
greenmount west,3,22,139,13,345,177,1.69,12.43,78.53,7.34,17,5,22,77.27,22.73,522,345,177,4.64,18.84,76.52,16,65,264,8311,24.09,2541.2,7.37,66.09,155,NA
greenspring,343,32,44,1,191,420,81.67,7.62,10.48,0.24,29,3,32,90.62,9.38,611,191,420,26.7,43.98,29.32,51,84,56,6194,32.43,3293.3,17.24,31.26,388,NA
grove park,400,18,3,NA,213,421,95.01,4.28,0.71,NA,10,8,18,55.56,44.44,634,213,421,18.78,38.97,42.25,40,83,90,7640,35.87,3359.09,15.77,33.6,403,NA
guilford,274,127,10,1,2147,412,66.5,30.83,2.43,0.24,76,51,127,59.84,40.16,2559,2147,412,4.75,21.94,73.31,102,471,1574,66892,31.16,29283.1,13.64,83.9,285,NA
gwynns falls,95,13,53,2,222,163,58.28,7.98,32.52,1.23,5,8,13,38.46,61.54,385,222,163,2.7,19.37,77.93,6,43,173,3354,15.11,1185.9,5.34,57.66,150,NA
gwynns falls/leakin park,NA,52,NA,NA,344,52,NA,100,NA,NA,21,31,52,40.38,59.62,396,344,52,8.72,29.94,61.34,30,103,211,11670,33.92,4056.1,11.79,86.87,NA,NA
hamilton hills,1199,120,67,1,1235,1387,86.45,8.65,4.83,0.07,84,36,120,70,30,2622,1235,1387,9.15,25.91,64.94,113,320,802,32903,26.64,14337.1,11.61,47.1,1267,NA
hampden,171,49,336,19,1318,575,29.74,8.52,58.43,3.3,34,15,49,69.39,30.61,1893,1318,575,7.74,22.91,69.35,102,302,914,34527,26.2,15611,11.84,69.62,526,NA
hanlon-longwood,462,52,25,NA,612,539,85.71,9.65,4.64,NA,29,23,52,55.77,44.23,1151,612,539,11.6,48.37,40.03,71,296,245,22314,36.46,12147,19.85,53.17,487,NA
harlem park,34,94,422,227,1224,777,4.38,12.1,54.31,29.21,42,52,94,44.68,55.32,2001,1224,777,11.76,48.28,39.95,144,591,489,29798,24.34,13185.9,10.77,61.17,683,NA
harwood,1,6,49,6,365,62,1.61,9.68,79.03,9.68,3,3,6,50,50,427,365,62,5.75,21.64,72.6,21,79,265,8100,22.19,2781.1,7.62,85.48,56,NA
hawkins point,73,25,NA,NA,144,98,74.49,25.51,NA,NA,15,10,25,60,40,242,144,98,6.94,65.28,27.78,10,94,40,2966,20.6,1648.5,11.45,59.5,73,NA
heritage crossing,20,20,22,NA,609,62,32.26,32.26,35.48,NA,7,13,20,35,65,671,609,62,6.24,20.03,73.73,38,122,449,14805,24.31,4550.9,7.47,90.76,42,NA
herring run park,1,33,NA,NA,538,34,2.94,97.06,NA,NA,16,17,33,48.48,51.52,572,538,34,3.53,12.45,84.01,19,67,452,13913,25.86,6902.7,12.83,94.06,1,NA
highlandtown,42,40,185,32,656,299,14.05,13.38,61.87,10.7,23,17,40,57.5,42.5,955,656,299,4.42,19.82,75.76,29,130,497,10829,16.51,3842.6,5.86,68.69,259,NA
hillen,198,7,NA,NA,143,205,96.59,3.41,NA,NA,5,2,7,71.43,28.57,348,143,205,16.08,32.17,51.75,23,46,74,5449,38.1,2919.2,20.41,41.09,198,NA
hoes heights,36,13,8,NA,126,57,63.16,22.81,14.04,NA,10,3,13,76.92,23.08,183,126,57,13.49,33.33,53.17,17,42,67,4038,32.05,1620.1,12.86,68.85,44,NA
holabird industrial park,NA,20,2,NA,634,22,NA,90.91,9.09,NA,17,3,20,85,15,656,634,22,6.31,29.5,64.2,40,187,407,10998,17.35,4440.7,7,96.65,2,NA
hollins market,3,21,107,20,569,151,1.99,13.91,70.86,13.25,13,8,21,61.9,38.1,720,569,151,4.75,26.36,68.89,27,150,392,14443,25.38,4794.9,8.43,79.03,130,NA
homeland,66,49,12,7,1440,135,48.89,36.3,8.89,5.19,39,10,49,79.59,20.41,1575,1440,135,5.76,30.21,64.03,83,435,922,44475,30.89,25387.89,17.63,91.43,85,1
hopkins bayview,27,18,35,2,409,82,32.93,21.95,42.68,2.44,8,10,18,44.44,55.56,491,409,82,5.87,29.58,64.55,24,121,264,7418,18.14,3044.1,7.44,83.3,64,NA
howard park,2105,166,40,5,1303,2316,90.89,7.17,1.73,0.22,86,80,166,51.81,48.19,3619,1303,2316,14.66,23.71,61.63,191,309,803,40128,30.8,19116.8,14.67,36,2150,NA
hunting ridge,189,37,1,NA,464,228,82.89,16.23,0.44,NA,24,13,37,64.86,35.14,692,464,228,4.96,22.84,72.2,23,106,335,16771,36.14,6689.5,14.42,67.05,190,1
idlewood,379,21,2,NA,275,402,94.28,5.22,0.5,NA,18,3,21,85.71,14.29,677,275,402,19.27,25.82,54.91,53,71,151,9228,33.56,5096.8,18.53,40.62,381,NA
inner harbor,10,48,184,15,475,257,3.89,18.68,71.6,5.84,28,20,48,58.33,41.67,732,475,257,8.42,21.89,69.68,40,104,331,9769,20.57,3303,6.95,64.89,209,NA
irvington,250,51,120,6,629,427,58.55,11.94,28.1,1.41,31,20,51,60.78,39.22,1056,629,427,4.77,27.5,67.73,30,173,426,16832,26.76,6659.8,10.59,59.56,376,NA
johns hopkins homewood,49,12,15,NA,333,76,64.47,15.79,19.74,NA,8,4,12,66.67,33.33,409,333,76,9.01,28.83,62.16,30,96,207,10282,30.88,5218.6,15.67,81.42,64,NA
johnston square,32,26,427,60,274,545,5.87,4.77,78.35,11.01,13,13,26,50,50,819,274,545,12.41,29.56,58.03,34,81,159,6762,24.68,2851.5,10.41,33.46,519,NA
jones falls area,NA,2,NA,NA,22,2,NA,100,NA,NA,1,1,2,50,50,24,22,2,NA,31.82,68.18,NA,7,15,386,17.55,175.2,7.96,91.67,NA,NA
jonestown,40,22,274,9,429,345,11.59,6.38,79.42,2.61,16,6,22,72.73,27.27,774,429,345,3.26,19.11,77.62,14,82,333,8740,20.37,3473.75,8.1,55.43,323,NA
kenilworth park,179,5,NA,1,84,185,96.76,2.7,NA,0.54,4,1,5,80,20,269,84,185,21.43,46.43,32.14,18,39,27,2206,26.26,1652.19,19.67,31.23,180,NA
kernewood,97,9,2,2,174,110,88.18,8.18,1.82,1.82,7,2,9,77.78,22.22,284,174,110,14.37,29.89,55.75,25,52,97,4372,25.13,2106.27,12.11,61.27,101,NA
keswick,12,5,NA,NA,220,17,70.59,29.41,NA,NA,3,2,5,60,40,237,220,17,5.45,23.18,71.36,12,51,157,7910,35.95,3463,15.74,92.83,12,NA
kresson,39,8,62,17,54,126,30.95,6.35,49.21,13.49,6,2,8,75,25,180,54,126,20.37,51.85,27.78,11,28,15,1615,29.91,846.2,15.67,30,118,NA
lake evesham,18,5,NA,NA,156,23,78.26,21.74,NA,NA,1,4,5,20,80,179,156,23,7.69,25.64,66.67,12,40,104,2794,17.91,1635.8,10.49,87.15,18,NA
lake walker,141,10,NA,NA,309,151,93.38,6.62,NA,NA,9,1,10,90,10,460,309,151,5.18,15.21,79.61,16,47,246,10837,35.07,4905,15.87,67.17,141,NA
lakeland,78,24,NA,NA,231,102,76.47,23.53,NA,NA,5,19,24,20.83,79.17,333,231,102,7.36,33.77,58.87,17,78,136,7783,33.69,3042.9,13.17,69.37,78,NA
langston hughes,177,9,65,2,60,253,69.96,3.56,25.69,0.79,8,1,9,88.89,11.11,313,60,253,50,31.67,18.33,30,19,11,2008,33.47,1136.1,18.93,19.17,244,NA
lauraville,486,39,27,4,701,556,87.41,7.01,4.86,0.72,32,7,39,82.05,17.95,1257,701,556,6.13,22.54,71.33,43,158,500,21423,30.56,9704,13.84,55.77,517,NA
levindale,101,7,NA,NA,204,108,93.52,6.48,NA,NA,4,3,7,57.14,42.86,312,204,108,10.78,27.45,61.76,22,56,126,5889,28.87,2477,12.14,65.38,101,NA
liberty square,96,15,19,1,113,131,73.28,11.45,14.5,0.76,8,7,15,53.33,46.67,244,113,131,11.5,24.78,63.72,13,28,72,3265,28.89,1526.5,13.51,46.31,116,NA
little italy,3,4,166,6,132,179,1.68,2.23,92.74,3.35,3,1,4,75,25,311,132,179,3.79,18.18,78.03,5,24,103,2747,20.81,1011.8,7.67,42.44,175,NA
loch raven,504,53,6,1,401,564,89.36,9.4,1.06,0.18,47,6,53,88.68,11.32,965,401,564,9.73,29.93,60.35,39,120,242,12435,31.01,7419.3,18.5,41.55,511,NA
locust point,4,15,196,13,513,228,1.75,6.58,85.96,5.7,7,8,15,46.67,53.33,741,513,228,2.92,16.18,80.9,15,83,415,10291,20.06,4738.3,9.24,69.23,213,NA
locust point industrial area,19,15,53,1,303,88,21.59,17.05,60.23,1.14,7,8,15,46.67,53.33,391,303,88,9.57,11.55,78.88,29,35,239,5027,16.59,1785.9,5.89,77.49,73,NA
lower edmondson village,19,2,12,3,26,36,52.78,5.56,33.33,8.33,2,NA,2,100,NA,62,26,36,15.38,53.85,30.77,4,14,8,794,30.54,457.5,17.6,41.94,34,NA
lower herring run park,2,34,NA,NA,444,36,5.56,94.44,NA,NA,9,25,34,26.47,73.53,480,444,36,5.41,17.34,77.25,24,77,343,8989,20.25,3215.3,7.24,92.5,2,NA
loyola/notre dame,NA,4,NA,NA,35,4,NA,100,NA,NA,1,3,4,25,75,39,35,4,5.71,34.29,60,2,12,21,1216,34.74,533.8,15.25,89.74,NA,NA
lucille park,74,17,41,1,140,133,55.64,12.78,30.83,0.75,13,4,17,76.47,23.53,273,140,133,21.43,52.14,26.43,30,73,37,3591,25.65,1573.2,11.24,51.28,116,NA
madison park,27,22,186,29,677,264,10.23,8.33,70.45,10.98,16,6,22,72.73,27.27,941,677,264,8.57,42.84,48.6,58,290,329,18309,27.04,7431.9,10.98,71.94,242,NA
madison-eastend,28,17,56,7,451,108,25.93,15.74,51.85,6.48,13,4,17,76.47,23.53,559,451,108,4.88,14.86,80.27,22,67,362,6434,14.27,1846.6,4.09,80.68,91,NA
mayfield,148,34,10,1,410,193,76.68,17.62,5.18,0.52,29,5,34,85.29,14.71,603,410,193,7.32,24.15,68.54,30,99,281,11804,28.79,5288.4,12.9,67.99,159,NA
mcelderry park,8,40,118,25,751,191,4.19,20.94,61.78,13.09,26,14,40,65,35,942,751,191,4.26,21.04,74.7,32,158,561,13595,18.1,4561.2,6.07,79.72,151,NA
medfield,100,11,17,15,241,143,69.93,7.69,11.89,10.49,7,4,11,63.64,36.36,384,241,143,6.64,20.75,72.61,16,50,175,7810,32.41,3403.5,14.12,62.76,132,NA
medford,117,16,13,NA,120,146,80.14,10.96,8.9,NA,11,5,16,68.75,31.25,266,120,146,10,46.67,43.33,12,56,52,2925,24.38,1558.7,12.99,45.11,130,NA
mid-govans,132,8,17,2,358,159,83.02,5.03,10.69,1.26,6,2,8,75,25,517,358,159,3.91,8.66,87.43,14,31,313,5869,16.39,2749.3,7.68,69.25,151,NA
mid-town belvedere,19,74,76,9,1040,178,10.67,41.57,42.7,5.06,44,30,74,59.46,40.54,1218,1040,178,7.12,16.83,76.06,74,175,791,26913,25.88,7656.4,7.36,85.39,104,NA
middle branch/reedbird parks,25,98,NA,NA,1373,123,20.33,79.67,NA,NA,13,85,98,13.27,86.73,1496,1373,123,6.19,18.43,75.38,85,253,1035,24342,17.73,9455.51,6.89,91.78,25,NA
middle east,56,37,254,28,615,375,14.93,9.87,67.73,7.47,22,15,37,59.46,40.54,990,615,375,7.8,19.02,73.17,48,117,450,10550,17.15,2985.4,4.85,62.12,338,NA
midtown-edmondson,49,19,192,81,265,341,14.37,5.57,56.3,23.75,7,12,19,36.84,63.16,606,265,341,8.3,29.43,62.26,22,78,165,6183,23.33,2408.2,9.09,43.73,322,NA
millhill,36,13,78,20,147,147,24.49,8.84,53.06,13.61,8,5,13,61.54,38.46,294,147,147,8.84,28.57,62.59,13,42,92,4085,27.79,1460.7,9.94,50,134,NA
milton-montford,NA,6,89,7,289,102,NA,5.88,87.25,6.86,3,3,6,50,50,391,289,102,2.77,17.65,79.58,8,51,230,4421,15.3,1080.3,3.74,73.91,96,NA
mondawmin,222,36,195,33,544,486,45.68,7.41,40.12,6.79,23,13,36,63.89,36.11,1030,544,486,7.9,21.51,70.59,43,117,384,11206,20.6,4988.1,9.17,52.82,450,NA
montebello,198,16,4,NA,258,218,90.83,7.34,1.83,NA,12,4,16,75,25,476,258,218,6.2,25.19,68.6,16,65,177,6685,25.91,2992.9,11.6,54.2,202,NA
moravia-walther,79,20,NA,NA,211,99,79.8,20.2,NA,NA,19,1,20,95,5,310,211,99,2.37,17.54,80.09,5,37,169,5384,25.52,2610.3,12.37,68.06,79,NA
morgan park,51,4,NA,NA,111,55,92.73,7.27,NA,NA,4,NA,4,100,NA,166,111,55,14.41,22.52,63.06,16,25,70,3896,35.1,1963.9,17.69,66.87,51,NA
morgan state university,92,19,6,NA,194,117,78.63,16.24,5.13,NA,12,7,19,63.16,36.84,311,194,117,3.61,17.53,78.87,7,34,153,4685,24.15,1986.1,10.24,62.38,98,NA
morrell park,514,55,116,12,547,697,73.74,7.89,16.64,1.72,35,20,55,63.64,36.36,1244,547,697,10.24,20.84,68.92,56,114,377,14944,27.32,6276.1,11.47,43.97,642,NA
mosher,97,11,128,24,186,260,37.31,4.23,49.23,9.23,4,7,11,36.36,63.64,446,186,260,4.3,31.72,63.98,8,59,119,6143,33.03,3163.4,17.01,41.7,249,NA
mount holly,278,10,12,4,99,304,91.45,3.29,3.95,1.32,4,6,10,40,60,403,99,304,18.18,33.33,48.48,18,33,48,3204,32.36,2034,20.55,24.57,294,NA
mount vernon,6,59,224,32,1057,321,1.87,18.38,69.78,9.97,25,34,59,42.37,57.63,1378,1057,321,8.51,10.12,81.36,90,107,860,24658,23.33,8208.69,7.77,76.71,262,NA
mount washington,486,107,3,1,1641,597,81.41,17.92,0.5,0.17,57,50,107,53.27,46.73,2238,1641,597,13.04,30.83,56.12,214,506,921,62672,38.19,25211.7,15.36,73.32,490,NA
mount winans,13,24,1,2,102,40,32.5,60,2.5,5,7,17,24,29.17,70.83,142,102,40,8.82,22.55,68.63,9,23,70,3774,37,1469.9,14.41,71.83,16,NA
mt pleasant park,7,34,NA,NA,192,41,17.07,82.93,NA,NA,20,14,34,58.82,41.18,233,192,41,8.85,29.17,61.98,17,56,119,4016,20.92,1450.9,7.56,82.4,7,NA
new northwood,143,28,6,NA,508,178,80.34,15.73,3.37,NA,17,11,28,60.71,39.29,686,508,178,7.28,23.62,69.09,37,120,351,9477,18.66,5181.1,10.2,74.05,149,1
new southwest/mount clare,24,27,166,37,395,254,9.45,10.63,65.35,14.57,12,15,27,44.44,55.56,649,395,254,4.3,18.23,77.47,17,72,306,7854,19.88,2693.4,6.82,60.86,227,NA
north harford road,809,43,25,10,513,887,91.21,4.85,2.82,1.13,30,13,43,69.77,30.23,1400,513,887,10.92,27.29,61.79,56,140,317,16093,31.37,7447.4,14.52,36.64,844,NA
north roland park/poplar hill,8,14,NA,NA,333,22,36.36,63.64,NA,NA,11,3,14,78.57,21.43,355,333,22,6.61,18.32,75.08,22,61,250,12538,37.65,5210.2,15.65,93.8,8,NA
northwest community action,143,17,113,5,166,278,51.44,6.12,40.65,1.8,14,3,17,82.35,17.65,444,166,278,7.83,18.07,74.1,13,30,123,4845,29.19,2217.7,13.36,37.39,261,NA
o'donnell heights,29,1,NA,NA,52,30,96.67,3.33,NA,NA,NA,1,1,NA,100,82,52,30,5.77,21.15,73.08,3,11,38,746,14.35,117.2,2.25,63.41,29,NA
oakenshawe,30,29,13,NA,446,72,41.67,40.28,18.06,NA,14,15,29,48.28,51.72,518,446,72,7.85,35.87,56.28,35,160,251,11769,26.39,4936.5,11.07,86.1,43,NA
oaklee,35,4,6,NA,16,45,77.78,8.89,13.33,NA,3,1,4,75,25,61,16,45,12.5,31.25,56.25,2,5,9,377,23.56,202.8,12.68,26.23,41,NA
old goucher,NA,10,5,6,348,21,NA,47.62,23.81,28.57,4,6,10,40,60,369,348,21,4.89,31.32,63.79,17,109,222,6875,19.76,2224.4,6.39,94.31,11,NA
oldtown,31,31,245,50,342,357,8.68,8.68,68.63,14.01,22,9,31,70.97,29.03,699,342,357,12.28,33.63,54.09,42,115,185,8012,23.43,4042.3,11.82,48.93,326,NA
oliver,43,93,325,120,945,581,7.4,16.01,55.94,20.65,76,17,93,81.72,18.28,1526,945,581,10.37,25.08,64.55,98,237,610,18245,19.31,7599.3,8.04,61.93,488,NA
orangeville,64,10,35,NA,169,109,58.72,9.17,32.11,NA,5,5,10,50,50,278,169,109,15.38,27.81,56.8,26,47,96,3855,22.81,1770.7,10.48,60.79,99,NA
orangeville industrial area,12,17,19,NA,164,48,25,35.42,39.58,NA,13,4,17,76.47,23.53,212,164,48,4.88,17.68,77.44,8,29,127,2977,18.15,952.6,5.81,77.36,31,NA
orchard ridge,134,12,5,NA,278,151,88.74,7.95,3.31,NA,4,8,12,33.33,66.67,429,278,151,7.91,27.7,64.39,22,77,179,5215,18.76,1474.6,5.3,64.8,139,NA
original northwood,39,29,NA,NA,325,68,57.35,42.65,NA,NA,19,10,29,65.52,34.48,393,325,68,4.31,16.92,78.77,14,55,256,10749,33.07,4815,14.82,82.7,39,NA
otterbein,7,27,92,20,374,146,4.79,18.49,63.01,13.7,13,14,27,48.15,51.85,520,374,146,4.55,19.25,76.2,17,72,285,9674,25.87,3603.1,9.63,71.92,119,NA
overlea,69,19,1,NA,200,89,77.53,21.35,1.12,NA,17,2,19,89.47,10.53,289,200,89,9.5,29.5,61,19,59,122,7755,38.77,3415.5,17.08,69.2,70,NA
panway/braddish avenue,149,11,3,1,135,164,90.85,6.71,1.83,0.61,10,1,11,90.91,9.09,299,135,164,7.41,32.59,60,10,44,81,4389,32.51,2488.6,18.43,45.15,153,NA
park circle,324,31,71,28,373,454,71.37,6.83,15.64,6.17,25,6,31,80.65,19.35,827,373,454,14.48,27.35,58.18,54,102,217,11468,30.75,5413.2,14.51,45.1,423,NA
parklane,60,34,5,1,176,100,60,34,5,1,9,25,34,26.47,73.53,276,176,100,13.64,36.93,49.43,24,65,87,7528,42.77,2877.4,16.35,63.77,66,NA
parkside,171,5,3,NA,38,179,95.53,2.79,1.68,NA,2,3,5,40,60,217,38,179,7.89,47.37,44.74,3,18,17,485,12.76,165,4.34,17.51,174,NA
parkview/woodbrook,68,24,100,10,471,202,33.66,11.88,49.5,4.95,15,9,24,62.5,37.5,673,471,202,7.01,22.29,70.7,33,105,333,10455,22.2,4951.9,10.51,69.99,178,NA
patterson park,68,88,25,1,1839,182,37.36,48.35,13.74,0.55,45,43,88,51.14,48.86,2021,1839,182,5.33,13.27,81.4,98,244,1497,46635,25.36,24658,13.41,90.99,94,NA
patterson park neighborhood,6,27,144,43,1099,220,2.73,12.27,65.45,19.55,11,16,27,40.74,59.26,1319,1099,220,2.37,16.11,81.53,26,177,896,17846,16.24,6091.9,5.54,83.32,193,NA
patterson place,3,5,17,9,240,34,8.82,14.71,50,26.47,2,3,5,40,60,274,240,34,5.42,27.08,67.5,13,65,162,4714,19.64,1570.1,6.54,87.59,29,NA
pen lucy,115,10,35,4,113,164,70.12,6.1,21.34,2.44,7,3,10,70,30,277,113,164,7.08,16.81,76.11,8,19,86,2494,22.07,1224.31,10.83,40.79,154,NA
penn north,5,20,172,37,264,234,2.14,8.55,73.5,15.81,18,2,20,90,10,498,264,234,7.2,25.38,67.42,19,67,178,5801,21.97,2559.1,9.69,53.01,214,NA
penn-fallsway,1,11,260,28,117,300,0.33,3.67,86.67,9.33,8,3,11,72.73,27.27,417,117,300,9.4,21.37,69.23,11,25,81,2282,19.5,1211.995,10.36,28.06,289,NA
penrose/fayette street outreach,94,22,308,46,311,470,20,4.68,65.53,9.79,12,10,22,54.55,45.45,781,311,470,6.75,36.98,56.27,21,115,175,7955,25.58,3111,10,39.82,448,NA
perkins homes,25,16,11,3,137,55,45.45,29.09,20,5.45,7,9,16,43.75,56.25,192,137,55,16.79,29.93,53.28,23,41,73,2671,19.5,1089.8,7.95,71.35,39,NA
perring loch,537,26,NA,NA,312,564,95.21,4.61,NA,NA,20,6,26,76.92,23.08,876,312,564,9.94,26.28,63.78,31,82,199,9805,31.43,5646,18.1,35.62,537,1
pimlico good neighbors,61,7,12,1,188,81,75.31,8.64,14.81,1.23,4,3,7,57.14,42.86,269,188,81,12.23,21.28,66.49,23,40,125,4911,26.12,2102.1,11.18,69.89,74,NA
pleasant view gardens,23,7,54,3,67,87,26.44,8.05,62.07,3.45,6,1,7,85.71,14.29,154,67,87,8.96,14.93,76.12,6,10,51,1154,17.22,480.3,7.17,43.51,80,NA
poppleton,24,18,359,42,621,443,5.42,4.06,81.04,9.48,8,10,18,44.44,55.56,1064,621,443,6.12,21.58,72.3,38,134,449,16266,26.19,5490.5,8.84,58.36,425,NA
port covington,4,11,4,NA,171,19,21.05,57.89,21.05,NA,9,2,11,81.82,18.18,190,171,19,1.75,21.64,76.61,3,37,131,2335,13.65,1085.1,6.35,90,8,NA
pulaski industrial area,377,26,120,1,538,524,71.95,4.96,22.9,0.19,11,15,26,42.31,57.69,1062,538,524,10.04,42.57,47.4,54,229,255,11884,22.09,5166,9.6,50.66,498,NA
purnell,1,NA,NA,NA,7,1,100,NA,NA,NA,NA,NA,NA,NA,NA,8,7,1,NA,42.86,57.14,NA,3,4,249,35.57,70,10,87.5,1,NA
radnor-winston,42,17,NA,NA,191,59,71.19,28.81,NA,NA,12,5,17,70.59,29.41,250,191,59,12.57,37.7,49.74,24,72,95,5171,27.07,2630.5,13.77,76.4,42,NA
ramblewood,311,39,3,1,312,354,87.85,11.02,0.85,0.28,37,2,39,94.87,5.13,666,312,354,5.45,25.64,68.91,17,80,215,8127,26.05,4624.8,14.82,46.85,315,NA
reisterstown station,133,12,15,NA,156,160,83.12,7.5,9.38,NA,10,2,12,83.33,16.67,316,156,160,15.38,18.59,66.03,24,29,103,5668,36.33,2356.8,15.11,49.37,148,NA
remington,80,29,185,104,672,398,20.1,7.29,46.48,26.13,20,9,29,68.97,31.03,1070,672,398,8.18,18.3,73.51,55,123,494,19587,29.15,6783.9,10.1,62.8,369,NA
reservoir hill,38,77,99,33,1454,247,15.38,31.17,40.08,13.36,53,24,77,68.83,31.17,1701,1454,247,8.8,20.5,70.7,128,298,1028,32508,22.36,13805.7,9.49,85.48,170,NA
richnor springs,9,NA,NA,NA,8,9,100,NA,NA,NA,NA,NA,NA,NA,NA,17,8,9,12.5,37.5,50,1,3,4,197,24.62,150.4,18.8,47.06,9,NA
ridgely's delight,3,18,33,9,413,63,4.76,28.57,52.38,14.29,16,2,18,88.89,11.11,476,413,63,3.39,14.77,81.84,14,61,338,11224,27.18,4734.15,11.46,86.76,45,NA
riverside,25,77,454,65,1507,621,4.03,12.4,73.11,10.47,42,35,77,54.55,45.45,2128,1507,621,5.97,29.26,64.76,90,441,976,34715,23.04,14538.25,9.65,70.82,544,NA
rognel heights,224,37,7,2,288,270,82.96,13.7,2.59,0.74,30,7,37,81.08,18.92,558,288,270,7.99,33.68,58.33,23,97,168,8545,29.67,4468.5,15.52,51.61,233,NA
roland park,234,221,13,2,2910,472,49.58,46.82,2.75,0.42,121,100,221,54.75,45.25,3382,2910,472,4.54,18.35,77.11,132,534,2244,100971,34.7,42367.13,14.56,86.04,249,2
rosebank,4,4,27,1,110,36,11.11,11.11,75,2.78,3,1,4,75,25,146,110,36,7.27,33.64,59.09,8,37,65,2980,27.09,1617.5,14.7,75.34,32,NA
rosemont,379,26,45,NA,267,450,84.22,5.78,10,NA,18,8,26,69.23,30.77,717,267,450,5.24,32.58,62.17,14,87,166,11248,42.13,5393.7,20.2,37.24,424,NA
rosemont east,157,28,4,NA,241,189,83.07,14.81,2.12,NA,13,15,28,46.43,53.57,430,241,189,12.03,40.66,47.3,29,98,114,10535,43.71,4859.1,20.16,56.05,161,NA
rosemont homeowners/tenants,53,4,140,18,65,215,24.65,1.86,65.12,8.37,4,NA,4,100,NA,280,65,215,12.31,32.31,55.38,8,21,36,1654,25.45,761.5,11.72,23.21,211,NA
sabina-mattfeldt,12,9,NA,NA,172,21,57.14,42.86,NA,NA,2,7,9,22.22,77.78,193,172,21,7.56,29.07,63.37,13,50,109,5236,30.44,2103.93,12.23,89.12,12,NA
saint agnes,3,15,4,NA,43,22,13.64,68.18,18.18,NA,5,10,15,33.33,66.67,65,43,22,18.6,20.93,60.47,8,9,26,1678,39.02,752.7,17.5,66.15,7,NA
saint helena,46,4,NA,NA,21,50,92,8,NA,NA,2,2,4,50,50,71,21,50,28.57,28.57,42.86,6,6,9,646,30.76,327.8,15.61,29.58,46,NA
saint josephs,264,11,56,1,115,332,79.52,3.31,16.87,0.3,8,3,11,72.73,27.27,447,115,332,7.83,53.04,39.13,9,61,45,3404,29.6,1635,14.22,25.73,321,NA
saint paul,4,NA,1,NA,70,5,80,NA,20,NA,NA,NA,NA,NA,NA,75,70,5,10,28.57,61.43,7,20,43,1015,14.5,334.6,4.78,93.33,5,NA
sandtown-winchester,48,99,730,153,1234,1030,4.66,9.61,70.87,14.85,72,27,99,72.73,27.27,2264,1234,1030,15.4,63.7,20.91,190,786,258,27100,21.96,10801.6,8.75,54.51,931,NA
seton business park,18,2,NA,NA,112,20,90,10,NA,NA,NA,2,2,NA,100,132,112,20,6.25,14.29,79.46,7,16,89,3819,34.1,1620.2,14.47,84.85,18,NA
seton hill,8,28,58,48,481,142,5.63,19.72,40.85,33.8,22,6,28,78.57,21.43,623,481,142,17.26,23.91,58.84,83,115,283,13713,28.51,6455.9,13.42,77.21,114,NA
sharp-leadenhall,3,20,55,20,412,98,3.06,20.41,56.12,20.41,9,11,20,45,55,510,412,98,5.58,21.84,72.57,23,90,299,8907,21.62,3321.7,8.06,80.78,78,NA
shipley hill,17,17,198,28,292,260,6.54,6.54,76.15,10.77,6,11,17,35.29,64.71,552,292,260,4.79,18.15,77.05,14,53,225,6158,21.09,1966.8,6.74,52.9,243,NA
south baltimore,13,34,275,29,461,351,3.7,9.69,78.35,8.26,19,15,34,55.88,44.12,812,461,351,5.86,28.42,65.73,27,131,303,9800,21.26,3282.8,7.12,56.77,317,NA
south clifton park,24,6,93,27,114,150,16,4,62,18,4,2,6,66.67,33.33,264,114,150,14.04,29.82,56.14,16,34,64,2788,24.46,1124,9.86,43.18,144,NA
spring garden industrial area,4,3,15,1,29,23,17.39,13.04,65.22,4.35,1,2,3,33.33,66.67,52,29,23,3.45,17.24,79.31,1,5,23,703,24.24,239.1,8.24,55.77,20,NA
stadium area,20,3,5,2,104,30,66.67,10,16.67,6.67,NA,3,3,NA,100,134,104,30,NA,8.65,91.35,NA,9,95,2615,25.14,1043.2,10.03,77.61,27,NA
stonewood-pentwood-winston,61,17,4,NA,61,82,74.39,20.73,4.88,NA,10,7,17,58.82,41.18,143,61,82,22.95,39.34,37.7,14,24,23,2190,35.9,1421.3,23.3,42.66,65,NA
taylor heights,NA,1,NA,NA,15,1,NA,100,NA,NA,NA,1,1,NA,100,16,15,1,NA,26.67,73.33,NA,4,11,445,29.67,155.6,10.37,93.75,NA,NA
ten hills,268,41,NA,NA,317,309,86.73,13.27,NA,NA,33,8,41,80.49,19.51,626,317,309,4.42,27.13,68.45,14,86,217,12454,39.29,5293.1,16.7,50.64,268,NA
the orchards,89,7,NA,NA,360,96,92.71,7.29,NA,NA,6,1,7,85.71,14.29,456,360,96,5,33.33,61.67,18,120,222,9456,26.27,5210.8,14.47,78.95,89,NA
towanda-grantley,112,9,44,9,93,174,64.37,5.17,25.29,5.17,8,1,9,88.89,11.11,267,93,174,22.58,29.03,48.39,21,27,45,3246,34.9,1737.7,18.68,34.83,165,NA
tremont,57,7,8,NA,51,72,79.17,9.72,11.11,NA,7,NA,7,100,NA,123,51,72,5.88,31.37,62.75,3,16,32,1979,38.8,818.7,16.05,41.46,65,NA
tuscany-canterbury,62,16,33,NA,348,111,55.86,14.41,29.73,NA,12,4,16,75,25,459,348,111,5.17,20.11,74.71,18,70,260,10049,28.88,4375,12.57,75.82,95,NA
union square,8,32,24,36,465,100,8,32,24,36,22,10,32,68.75,31.25,565,465,100,4.52,17.2,78.28,21,80,364,11770,25.31,4115.3,8.85,82.3,68,NA
university of maryland,15,20,120,4,505,159,9.43,12.58,75.47,2.52,14,6,20,70,30,664,505,159,5.94,26.93,67.13,30,136,339,12235,24.23,4093.4,8.11,76.05,139,NA
uplands,40,16,7,NA,381,63,63.49,25.4,11.11,NA,11,5,16,68.75,31.25,444,381,63,1.57,12.6,85.83,6,48,327,8112,21.29,2014.36,5.29,85.81,47,NA
upper fells point,3,32,133,30,710,198,1.52,16.16,67.17,15.15,27,5,32,84.38,15.62,908,710,198,4.23,18.03,77.75,30,128,552,18710,26.35,6491,9.14,78.19,166,NA
upton,62,51,548,135,776,796,7.79,6.41,68.84,16.96,29,22,51,56.86,43.14,1572,776,796,17.78,60.05,22.16,138,466,172,19319,24.9,8433.6,10.87,49.36,745,NA
violetville,293,52,NA,NA,358,345,84.93,15.07,NA,NA,33,19,52,63.46,36.54,703,358,345,15.36,26.26,58.38,55,94,209,12790,35.73,5801,16.2,50.92,293,NA
wakefield,1,NA,NA,NA,31,1,100,NA,NA,NA,NA,NA,NA,NA,NA,32,31,1,3.23,22.58,74.19,1,7,23,981,31.65,371.1,11.97,96.88,1,NA
walbrook,396,34,40,12,390,482,82.16,7.05,8.3,2.49,32,2,34,94.12,5.88,872,390,482,10,25.38,64.62,39,99,252,10103,25.91,5256.3,13.48,44.72,448,NA
waltherson,646,54,68,6,561,774,83.46,6.98,8.79,0.78,39,15,54,72.22,27.78,1335,561,774,14.26,39.57,46.17,80,222,259,17015,30.33,8603.04333,15.34,42.02,720,NA
washington hill,19,38,295,25,643,377,5.04,10.08,78.25,6.63,21,17,38,55.26,44.74,1020,643,377,7,33.28,59.72,45,214,384,15796,24.57,6450.85,10.03,63.04,339,NA
washington village/pigtown,51,100,284,79,1065,514,9.92,19.46,55.25,15.37,51,49,100,51,49,1579,1065,514,3.57,12.21,84.23,38,130,897,21664,20.34,8174.8,7.68,67.45,414,NA
waverly,176,23,25,13,329,237,74.26,9.7,10.55,5.49,21,2,23,91.3,8.7,566,329,237,9.73,32.83,57.45,32,108,189,9405,28.59,4447.1,13.52,58.13,214,NA
west arlington,752,18,12,8,257,790,95.19,2.28,1.52,1.01,12,6,18,66.67,33.33,1047,257,790,38.52,33.85,27.63,99,87,71,11919,46.38,5554.7845,21.61,24.55,772,NA
west forest park,275,40,12,2,279,329,83.59,12.16,3.65,0.61,25,15,40,62.5,37.5,608,279,329,20.43,44.09,35.48,57,123,99,10430,37.38,5081.3,18.21,45.89,289,NA
west hills,176,27,7,NA,254,210,83.81,12.86,3.33,NA,17,10,27,62.96,37.04,464,254,210,6.3,24.02,69.69,16,61,177,9030,35.55,3977.3,15.66,54.74,183,NA
westfield,537,21,48,7,341,613,87.6,3.43,7.83,1.14,11,10,21,52.38,47.62,954,341,613,10.26,30.21,59.53,35,103,203,9657,28.32,4410.8,12.93,35.74,592,NA
westgate,209,32,15,1,363,257,81.32,12.45,5.84,0.39,22,10,32,68.75,31.25,620,363,257,6.89,30.58,62.53,25,111,227,16566,45.64,7073.7,19.49,58.55,225,NA
westport,88,48,56,23,440,215,40.93,22.33,26.05,10.7,11,37,48,22.92,77.08,655,440,215,8.64,34.09,57.27,38,150,252,8560,19.45,4532.905,10.3,67.18,167,NA
wilhelm park,22,5,2,NA,71,29,75.86,17.24,6.9,NA,5,NA,5,100,NA,100,71,29,2.82,28.17,69.01,2,20,49,2178,30.68,1080.1,15.21,71,24,NA
wilson park,8,7,16,1,70,32,25,21.88,50,3.12,6,1,7,85.71,14.29,102,70,32,15.71,34.29,50,11,24,35,1463,20.9,909.4,12.99,68.63,25,NA
winchester,94,5,55,16,81,170,55.29,2.94,32.35,9.41,3,2,5,60,40,251,81,170,9.88,32.1,58.02,8,26,47,2982,36.81,1492.7,18.43,32.27,165,NA
windsor hills,292,31,2,NA,222,325,89.85,9.54,0.62,NA,25,6,31,80.65,19.35,547,222,325,10.81,37.84,51.35,24,84,114,8092,36.45,3929.5,17.7,40.59,294,NA
winston-govans,110,2,1,NA,49,113,97.35,1.77,0.88,NA,2,NA,2,100,NA,162,49,113,18.37,34.69,46.94,9,17,23,1106,22.57,773.7,15.79,30.25,111,NA
woodberry,28,11,27,1,276,67,41.79,16.42,40.3,1.49,7,4,11,63.64,36.36,343,276,67,3.99,13.77,82.25,11,38,227,6775,24.55,2902.6,10.52,80.47,56,NA
woodbourne heights,242,34,3,1,285,280,86.43,12.14,1.07,0.36,27,7,34,79.41,20.59,565,285,280,4.91,20.35,74.74,14,58,213,6121,21.48,3153.1,11.06,50.44,246,NA
woodbourne-mccabe,33,10,9,NA,39,52,63.46,19.23,17.31,NA,9,1,10,90,10,91,39,52,17.95,46.15,35.9,7,18,14,880,22.56,637.7,16.35,42.86,42,NA
woodmere,282,17,60,6,151,365,77.26,4.66,16.44,1.64,16,1,17,94.12,5.88,516,151,365,17.22,50.99,31.79,26,77,48,4959,32.84,2446.5,16.2,29.26,348,NA
wrenlane,8,3,3,NA,12,14,57.14,21.43,21.43,NA,3,NA,3,100,NA,26,12,14,NA,33.33,66.67,NA,4,8,252,21,167.3,13.94,46.15,11,NA
wyman park,54,14,31,NA,508,99,54.55,14.14,31.31,NA,6,8,14,42.86,57.14,607,508,99,7.48,21.46,71.06,38,109,361,13630,26.83,6215.52,12.24,83.69,85,NA
wyndhurst,52,43,31,1,569,127,40.94,33.86,24.41,0.79,37,6,43,86.05,13.95,696,569,127,1.23,10.9,87.87,7,62,500,15307,26.9,6594.2,11.59,81.75,84,NA
yale heights,320,15,NA,NA,172,335,95.52,4.48,NA,NA,11,4,15,73.33,26.67,507,172,335,9.88,34.88,55.23,17,60,95,6441,37.45,3460.9,20.12,33.93,320,NA
york-homeland,NA,NA,1,NA,13,1,NA,NA,100,NA,NA,NA,NA,NA,NA,14,13,1,7.69,30.77,61.54,1,4,8,243,18.69,96.2,7.4,92.86,1,NA
NA,8,1,NA,NA,4,9,88.89,11.11,NA,NA,1,NA,1,100,NA,13,4,9,25,50,25,1,2,1,150,37.5,77.1,19.27,30.77,8,NA
